{
  "wind": {
    "h1": {
      "MAE": 488.6068140753365,
      "SMAPE": 0.7789095013871131
    },
    "h2": {
      "MAE": 539.6143157770848,
      "SMAPE": 0.8130710422432326
    },
    "h3": {
      "MAE": 586.3509727246629,
      "SMAPE": 0.8411918820570251
    },
    "h4": {
      "MAE": 599.4772072194162,
      "SMAPE": 0.8496976030260679
    },
    "h5": {
      "MAE": 597.272994957566,
      "SMAPE": 0.8538026447835371
    },
    "h6": {
      "MAE": 599.3674109365136,
      "SMAPE": 0.865575151008501
    },
    "h7": {
      "MAE": 610.2765224507033,
      "SMAPE": 0.8901202136335349
    },
    "h8": {
      "MAE": 620.0745498386173,
      "SMAPE": 0.9185787964930427
    },
    "h9": {
      "MAE": 628.2651162618542,
      "SMAPE": 0.9380429004626928
    },
    "h10": {
      "MAE": 631.462112660852,
      "SMAPE": 0.9496040151396437
    },
    "h11": {
      "MAE": 635.175943087911,
      "SMAPE": 0.9727406503582108
    },
    "h12": {
      "MAE": 634.3037868083464,
      "SMAPE": 0.9533266585527489
    }
  },
  "solar": {
    "h1": {
      "MAE": 67.48676101762446,
      "SMAPE": 1.020204289945285
    },
    "h2": {
      "MAE": 68.16212735195184,
      "SMAPE": 0.8851256051310231
    },
    "h3": {
      "MAE": 73.88940310650285,
      "SMAPE": 0.7988798209638921
    },
    "h4": {
      "MAE": 84.41873175852507,
      "SMAPE": 0.8263032300120288
    },
    "h5": {
      "MAE": 92.24852541729085,
      "SMAPE": 0.9442179377087121
    },
    "h6": {
      "MAE": 97.95272214436375,
      "SMAPE": 1.092907265665349
    },
    "h7": {
      "MAE": 112.03065910305375,
      "SMAPE": 1.1803339741871774
    },
    "h8": {
      "MAE": 142.95281992298655,
      "SMAPE": 1.2462985918631837
    },
    "h9": {
      "MAE": 183.46152265959148,
      "SMAPE": 1.3184275596881772
    },
    "h10": {
      "MAE": 215.663408941717,
      "SMAPE": 1.3448462690078302
    },
    "h11": {
      "MAE": 236.24401290546604,
      "SMAPE": 1.365349845294259
    },
    "h12": {
      "MAE": 250.28271782149588,
      "SMAPE": 1.3859965277201047
    }
  },
  "load": {
    "h1": {
      "MAE": 845.532342258978,
      "SMAPE": 0.12375219705230173
    },
    "h2": {
      "MAE": 920.3213660037878,
      "SMAPE": 0.13384915666674618
    },
    "h3": {
      "MAE": 1005.6793731902862,
      "SMAPE": 0.14507523421370686
    },
    "h4": {
      "MAE": 1050.904407734193,
      "SMAPE": 0.15096755348647023
    },
    "h5": {
      "MAE": 1048.0107067899548,
      "SMAPE": 0.1506599914411522
    },
    "h6": {
      "MAE": 1078.6269727017773,
      "SMAPE": 0.1543548255158552
    },
    "h7": {
      "MAE": 1096.6645256842767,
      "SMAPE": 0.15620620348664596
    },
    "h8": {
      "MAE": 1094.8045379994355,
      "SMAPE": 0.1556401531724952
    },
    "h9": {
      "MAE": 1104.0891862206804,
      "SMAPE": 0.1566524469727835
    },
    "h10": {
      "MAE": 1174.7856645633012,
      "SMAPE": 0.16559178022244728
    },
    "h11": {
      "MAE": 1226.6447376598012,
      "SMAPE": 0.17250645553770377
    },
    "h12": {
      "MAE": 1253.4722933967075,
      "SMAPE": 0.17620486459609253
    }
  },
  "price": {
    "h1": {
      "MAE": 17.669264035760524,
      "SMAPE": 0.07461447602699461
    },
    "h2": {
      "MAE": 31.02951867373048,
      "SMAPE": 0.12815589400028904
    },
    "h3": {
      "MAE": 42.301564994388386,
      "SMAPE": 0.17322269924005307
    },
    "h4": {
      "MAE": 50.84940648039668,
      "SMAPE": 0.2072291593353801
    },
    "h5": {
      "MAE": 56.18600478977799,
      "SMAPE": 0.22808829342836645
    },
    "h6": {
      "MAE": 58.75117406072247,
      "SMAPE": 0.23822970308543637
    },
    "h7": {
      "MAE": 59.207763925462196,
      "SMAPE": 0.24053664799140673
    },
    "h8": {
      "MAE": 57.75828416041492,
      "SMAPE": 0.23630170570507322
    },
    "h9": {
      "MAE": 55.568498214860476,
      "SMAPE": 0.22980770822079044
    },
    "h10": {
      "MAE": 52.762949759139744,
      "SMAPE": 0.22122495467000816
    },
    "h11": {
      "MAE": 50.211018518408835,
      "SMAPE": 0.21264974468293302
    },
    "h12": {
      "MAE": 49.72499814677836,
      "SMAPE": 0.21069401062164575
    }
  }
}